<?xml version="1.0" encoding="UTF-8"?>
<project-private xmlns="http://www.netbeans.org/ns/project-private/1">
    <editor-bookmarks xmlns="http://www.netbeans.org/ns/editor-bookmarks/2" lastBookmarkId="0"/>
    <open-files xmlns="http://www.netbeans.org/ns/projectui-open-files/2">
        <group>
            <file>file:/C:/Users/sc67924/project_2.X/project_2.X/types.h</file>
            <file>file:/C:/Users/sc67924/project_2.X/project_2.X/EEPROM_praveen.c</file>
            <file>file:/C:/Users/sc67924/project_2.X/project_2.X/CAN_Tx_Rx.c</file>
        </group>
    </open-files>
</project-private>
